{"loss": [5.072285175323486, 4.546290874481201, 4.195735931396484, 3.8489160537719727, 3.5937397480010986, 3.310861349105835, 3.128356695175171, 2.922008752822876, 2.746511220932007, 2.6419930458068848, 2.4377152919769287, 2.348673105239868, 2.2435154914855957, 2.082859992980957, 1.969504952430725, 1.859310507774353, 1.7810782194137573, 1.6560888290405273, 1.6121306419372559, 1.521907091140747, 1.4535645246505737, 1.3809471130371094, 1.2918264865875244, 1.2392539978027344, 1.1540775299072266, 1.1137970685958862, 1.0858466625213623, 1.0254307985305786, 1.0168988704681396, 0.9517105221748352, 0.909412682056427, 0.870796263217926, 0.852080225944519, 0.7872458696365356, 0.7841689586639404, 0.7774125933647156, 0.7127403020858765, 0.702241837978363, 0.6961297392845154, 0.6310980916023254, 0.6383980512619019, 0.5852580070495605, 0.6074557900428772, 0.5468291640281677, 0.513077974319458, 0.5585572719573975, 0.5340864062309265, 0.4971814453601837, 0.5139507055282593, 0.5092196464538574, 0.4427875578403473, 0.5032697319984436, 0.4535476565361023, 0.43671977519989014, 0.42926836013793945, 0.41074126958847046, 0.39972245693206787, 0.40914204716682434, 0.37889277935028076, 0.3688371777534485, 0.3777513802051544, 0.3801894187927246, 0.37930548191070557, 0.3599570095539093, 0.3491825759410858, 0.3476127088069916, 0.33789753913879395, 0.3243824243545532, 0.331462025642395, 0.33401307463645935, 0.3002219796180725, 0.31243857741355896, 0.2968030273914337, 0.284258097410202, 0.2948293089866638, 0.2884439527988434, 0.29160478711128235, 0.2660795748233795, 0.30126410722732544, 0.27002355456352234, 0.2889504134654999, 0.2684292197227478, 0.27869147062301636, 0.25934892892837524], "accuracy": [0.014669926837086678, 0.029951101168990135, 0.06784841418266296, 0.11185818910598755, 0.15647922456264496, 0.20599022507667542, 0.25672370195388794, 0.2823960781097412, 0.3386307954788208, 0.37408313155174255, 0.4358190596103668, 0.46454766392707825, 0.4700489044189453, 0.5146699547767639, 0.544009804725647, 0.5910757780075073, 0.609413206577301, 0.6363080739974976, 0.6308068633079529, 0.6558679938316345, 0.6711491346359253, 0.6919315457344055, 0.7133252024650574, 0.7267726063728333, 0.7597799301147461, 0.7530562281608582, 0.7567237019538879, 0.7848410606384277, 0.7823960781097412, 0.79889976978302, 0.8050122261047363, 0.7970660328865051, 0.8092909455299377, 0.830073356628418, 0.817237138748169, 0.834963321685791, 0.8367970585823059, 0.8447432518005371, 0.8337408304214478, 0.859413206577301, 0.8667481541633606, 0.8814181089401245, 0.8716381192207336, 0.8771393895149231, 0.8924205303192139, 0.8856968283653259, 0.8765281438827515, 0.9009779691696167, 0.8863080739974976, 0.8850855827331543, 0.90220046043396, 0.8850855827331543, 0.8936430215835571, 0.9070904850959778, 0.9028117656707764, 0.9046455025672913, 0.9089242219924927, 0.9028117656707764, 0.9132029414176941, 0.9217603802680969, 0.9180929064750671, 0.9113692045211792, 0.9162591695785522, 0.919926643371582, 0.9180929064750671, 0.9254278540611267, 0.9290953278541565, 0.9162591695785522, 0.9272615909576416, 0.9278728365898132, 0.939486563205719, 0.932762861251831, 0.9272615909576416, 0.9333741068840027, 0.9388753175735474, 0.9352078437805176, 0.9339853525161743, 0.9431540369987488, 0.9321516156196594, 0.9468215107917786, 0.9352078437805176, 0.9333741068840027, 0.9400978088378906, 0.9437652826309204], "val_loss": [4.377673149108887, 4.338537693023682, 4.263086318969727, 4.145164489746094, 3.9688284397125244, 3.7468934059143066, 3.47866153717041, 3.181736469268799, 2.863189220428467, 2.5702943801879883, 2.298318386077881, 2.0844709873199463, 1.8992695808410645, 1.7448734045028687, 1.6200945377349854, 1.5060538053512573, 1.405256986618042, 1.3139196634292603, 1.240365982055664, 1.160974144935608, 1.0942248106002808, 1.0372161865234375, 0.9854780435562134, 0.9346849918365479, 0.8940165638923645, 0.8582846522331238, 0.814224898815155, 0.7844621539115906, 0.7500433325767517, 0.7210367321968079, 0.6965861320495605, 0.6732125282287598, 0.6473188996315002, 0.630744218826294, 0.610244631767273, 0.5987902283668518, 0.5834339261054993, 0.5786190629005432, 0.5618476867675781, 0.5574894547462463, 0.5467609167098999, 0.5395402312278748, 0.5267794728279114, 0.5288909673690796, 0.5167862176895142, 0.5122645497322083, 0.5163722634315491, 0.5048316121101379, 0.49699798226356506, 0.4972176253795624, 0.5007001757621765, 0.5100610852241516, 0.5072736144065857, 0.5051477551460266, 0.4984050393104553, 0.49691441655158997, 0.4922901690006256, 0.4960642158985138, 0.49905312061309814, 0.49121883511543274, 0.49243760108947754, 0.48693451285362244, 0.4868645966053009, 0.48541271686553955, 0.49101418256759644, 0.49763739109039307, 0.49593979120254517, 0.48564839363098145, 0.4956488609313965, 0.4977608621120453, 0.4923868775367737, 0.48793885111808777, 0.49398890137672424, 0.4946047067642212, 0.4911234974861145, 0.4959128201007843, 0.49948015809059143, 0.505610466003418, 0.5042496919631958, 0.4999192953109741, 0.5082986354827881, 0.5067178010940552, 0.4997060298919678, 0.49431124329566956], "val_accuracy": [0.02200488932430744, 0.026894865557551384, 0.04156479239463806, 0.08312958478927612, 0.14425428211688995, 0.2200489044189453, 0.334963321685791, 0.4400978088378906, 0.567237138748169, 0.645476758480072, 0.6870415806770325, 0.7261613607406616, 0.7506112456321716, 0.7603911757469177, 0.7726161479949951, 0.7848410606384277, 0.7848410606384277, 0.7897310256958008, 0.8068459630012512, 0.8117359280586243, 0.8190708756446838, 0.8215159177780151, 0.8215159177780151, 0.8264058828353882, 0.8386307954788208, 0.8361858129501343, 0.8312958478927612, 0.8361858129501343, 0.8435207605361938, 0.8484107851982117, 0.8435207605361938, 0.8533007502555847, 0.8533007502555847, 0.8581907153129578, 0.8606356978416443, 0.8581907153129578, 0.8606356978416443, 0.8630806803703308, 0.8704156279563904, 0.8704156279563904, 0.8679706454277039, 0.8679706454277039, 0.8753056526184082, 0.8728606104850769, 0.8777506351470947, 0.8753056526184082, 0.8704156279563904, 0.8704156279563904, 0.8753056526184082, 0.8728606104850769, 0.8728606104850769, 0.8728606104850769, 0.8679706454277039, 0.8704156279563904, 0.8704156279563904, 0.8728606104850769, 0.8753056526184082, 0.8728606104850769, 0.8679706454277039, 0.8704156279563904, 0.8728606104850769, 0.8777506351470947, 0.8801956176757812, 0.8801956176757812, 0.8777506351470947, 0.8753056526184082, 0.8777506351470947, 0.8801956176757812, 0.8801956176757812, 0.8801956176757812, 0.8777506351470947, 0.8826406002044678, 0.8826406002044678, 0.8801956176757812, 0.8826406002044678, 0.8826406002044678, 0.8850855827331543, 0.8875305652618408, 0.8899755477905273, 0.8875305652618408, 0.8850855827331543, 0.8899755477905273, 0.8850855827331543, 0.8826406002044678]}