{"loss": [4.967583179473877, 4.405888080596924, 4.004426956176758, 3.7006757259368896, 3.4226768016815186, 3.258023262023926, 2.9797568321228027, 2.796062707901001, 2.682467222213745, 2.495819330215454, 2.3255257606506348, 2.1953847408294678, 2.131195306777954, 2.03509521484375, 1.944557547569275, 1.815653920173645, 1.7053395509719849, 1.6524397134780884, 1.5488309860229492, 1.480176329612732, 1.4390183687210083, 1.353817105293274, 1.2618411779403687, 1.1833581924438477, 1.1554434299468994, 1.0959683656692505, 1.064070463180542, 1.0235806703567505, 0.9683235287666321, 0.9439616799354553, 0.8867653012275696, 0.8815685510635376, 0.8539933562278748, 0.7729803919792175, 0.8041196465492249, 0.7421512007713318, 0.7020304203033447, 0.7058318853378296, 0.7045634984970093, 0.673112154006958, 0.6486151814460754, 0.6262311339378357, 0.5949957966804504, 0.6019930839538574, 0.5896049737930298, 0.5626246929168701, 0.5189188718795776, 0.5849262475967407, 0.5333501100540161, 0.5075796246528625, 0.5101165175437927, 0.4793221950531006, 0.510841965675354, 0.49630647897720337, 0.49129217863082886, 0.4874705374240875, 0.4333212971687317, 0.4488334655761719, 0.4089653491973877, 0.42010027170181274, 0.38853541016578674, 0.4224371314048767, 0.4363187551498413, 0.4026414453983307, 0.4206685423851013, 0.4167325794696808, 0.3716058135032654, 0.3877691328525543, 0.35103800892829895, 0.3549973666667938, 0.3272431790828705, 0.3455129861831665, 0.335839182138443, 0.34618228673934937, 0.336044579744339, 0.32234933972358704, 0.35541999340057373, 0.3325408101081848, 0.3249170780181885, 0.3293246030807495, 0.31444624066352844, 0.3278026878833771, 0.3217020630836487, 0.30895769596099854, 0.30961135029792786, 0.31892135739326477, 0.29830798506736755, 0.30646440386772156, 0.2837153375148773, 0.2896544635295868, 0.29861968755722046, 0.2756359875202179, 0.27851957082748413, 0.2882606089115143, 0.2518080174922943, 0.24134962260723114, 0.28460997343063354, 0.25952306389808655, 0.2484731823205948, 0.28497907519340515, 0.2548069953918457, 0.24705643951892853, 0.27837878465652466, 0.2635594606399536, 0.2518101930618286, 0.2235967516899109, 0.26134994626045227, 0.24453061819076538, 0.24589981138706207, 0.24201427400112152, 0.2212100327014923, 0.2580145299434662, 0.23573951423168182, 0.24929878115653992, 0.21264605224132538, 0.24821805953979492, 0.22818797826766968, 0.21935875713825226], "accuracy": [0.01652386784553528, 0.041615668684244156, 0.09241125732660294, 0.1346389204263687, 0.1940024495124817, 0.2429620623588562, 0.308445543050766, 0.3494492173194885, 0.39290085434913635, 0.4290085732936859, 0.4687882363796234, 0.4828641414642334, 0.5048959851264954, 0.5299877524375916, 0.5526315569877625, 0.5930232405662537, 0.6070991158485413, 0.6346389055252075, 0.6566707491874695, 0.6842105388641357, 0.6891064643859863, 0.7135862708091736, 0.7264381647109985, 0.7454100251197815, 0.7478579878807068, 0.7552019357681274, 0.7619339227676392, 0.7845777273178101, 0.7962056398391724, 0.7949816584587097, 0.8047735691070557, 0.8090575337409973, 0.8206854462623596, 0.8261933922767639, 0.8200734257698059, 0.8421052694320679, 0.8512852191925049, 0.8574051260948181, 0.8378213047981262, 0.8500611782073975, 0.8610771298408508, 0.8598531484603882, 0.8757649660110474, 0.8629130721092224, 0.8702570199966431, 0.8763769865036011, 0.8947368264198303, 0.8610771298408508, 0.8702570199966431, 0.8916768431663513, 0.8880048990249634, 0.8971848487854004, 0.8867809176445007, 0.895960807800293, 0.8880048990249634, 0.8929008841514587, 0.9094247221946716, 0.9057527780532837, 0.9039167761802673, 0.9100367426872253, 0.9130966663360596, 0.9137086868286133, 0.8910648822784424, 0.9088127017021179, 0.899020791053772, 0.895960807800293, 0.9167686700820923, 0.9130966663360596, 0.9216646552085876, 0.9192166328430176, 0.9308445453643799, 0.9161566495895386, 0.9137086868286133, 0.9130966663360596, 0.9228886365890503, 0.9290085434913635, 0.9155446887016296, 0.9241126179695129, 0.9241126179695129, 0.9235005974769592, 0.930232584476471, 0.9271726012229919, 0.9222766160964966, 0.9222766160964966, 0.9265605807304382, 0.930232584476471, 0.9271726012229919, 0.9204406142234802, 0.9375764727592468, 0.9320685267448425, 0.9296205639839172, 0.9388005137443542, 0.9339045286178589, 0.9283965826034546, 0.9449204206466675, 0.9400244951248169, 0.9314565658569336, 0.9436964392662048, 0.9492043852806091, 0.9369645118713379, 0.9412484765052795, 0.9424724578857422, 0.9271726012229919, 0.9339045286178589, 0.9381884932518005, 0.9436964392662048, 0.9467564225196838, 0.9369645118713379, 0.9443084597587585, 0.9473684430122375, 0.9534883499145508, 0.9388005137443542, 0.9485924243927002, 0.9369645118713379, 0.9565483331680298, 0.9400244951248169, 0.9485924243927002, 0.9455324411392212], "val_loss": [4.378127574920654, 4.327095985412598, 4.241335868835449, 4.109615325927734, 3.9248406887054443, 3.693075180053711, 3.402092218399048, 3.0895957946777344, 2.7738916873931885, 2.47898530960083, 2.213465929031372, 1.9972901344299316, 1.81654953956604, 1.6628060340881348, 1.5451663732528687, 1.439443826675415, 1.3526248931884766, 1.265505075454712, 1.180113434791565, 1.106088399887085, 1.043031930923462, 0.9909673929214478, 0.9420154094696045, 0.8873544931411743, 0.8407756686210632, 0.8034931421279907, 0.7637674808502197, 0.7253724932670593, 0.6945000886917114, 0.6648744344711304, 0.6359694600105286, 0.6130754947662354, 0.5875757336616516, 0.5721926689147949, 0.550453245639801, 0.535586416721344, 0.520401120185852, 0.5099378824234009, 0.4933818280696869, 0.478523313999176, 0.4701462984085083, 0.4608379304409027, 0.4600554406642914, 0.44748473167419434, 0.44269809126853943, 0.42829862236976624, 0.4256364107131958, 0.42602357268333435, 0.42006975412368774, 0.4185846745967865, 0.41186776757240295, 0.41003063321113586, 0.41305482387542725, 0.4122599959373474, 0.41149279475212097, 0.40586212277412415, 0.39505112171173096, 0.39413437247276306, 0.38631337881088257, 0.3904988169670105, 0.39355385303497314, 0.3903704583644867, 0.38688820600509644, 0.3786396086215973, 0.38165679574012756, 0.3798912465572357, 0.38251394033432007, 0.38831132650375366, 0.38207000494003296, 0.3773708641529083, 0.3812146484851837, 0.3767399191856384, 0.37515774369239807, 0.3808135688304901, 0.3756222128868103, 0.3723190128803253, 0.3740125298500061, 0.37028366327285767, 0.36452680826187134, 0.36415186524391174, 0.3628838360309601, 0.3646334111690521, 0.3676953911781311, 0.3726954460144043, 0.37274640798568726, 0.37537217140197754, 0.3800271451473236, 0.3776024580001831, 0.3722495436668396, 0.36752426624298096, 0.36718881130218506, 0.36404335498809814, 0.36779534816741943, 0.36843180656433105, 0.3675369322299957, 0.36452287435531616, 0.359130322933197, 0.35881203413009644, 0.3618801236152649, 0.36829787492752075, 0.37565818428993225, 0.37715569138526917, 0.37343260645866394, 0.3736827075481415, 0.37111684679985046, 0.37158775329589844, 0.3662547767162323, 0.3657105565071106, 0.37034115195274353, 0.3691895008087158, 0.3737774193286896, 0.3765077590942383, 0.38223180174827576, 0.3818444013595581, 0.3762126863002777, 0.3784200847148895, 0.38149234652519226, 0.37774065136909485],